scenario_id,sample_index,source_timestamp,site,target,mahalanobis_score,lof_score,packet_loss_ratio,service_up,maintenance_active
P1,0,2026-04-06 09:00:00,taipei-dc1,fw01,1.0486696407747575,0.988895575084751,0.000982379131884238,1,0
P1,0,2026-04-06 09:00:00,taipei-dc1,web01,0.9702258697658299,1.0248683508313787,0.0009495281150725278,1,0
P1,0,2026-04-06 09:00:00,taipei-dc1,db01,0.8307526224464652,1.0170565325843501,0.0009656072019737393,1,0
P1,1,2026-04-06 09:05:00,taipei-dc1,fw01,1.2837750170867188,1.06274092450036,0.0007698812544719264,1,0
P1,1,2026-04-06 09:05:00,taipei-dc1,web01,1.0529507194864047,1.1160942504511302,0.0009617443380091455,1,0
P1,1,2026-04-06 09:05:00,taipei-dc1,db01,0.8313250071954592,1.0751026893355726,0.0011036048407488891,1,0
P1,2,2026-04-06 09:10:00,taipei-dc1,fw01,1.1100549464565599,1.0369131619444538,0.0010846086081381708,1,0
P1,2,2026-04-06 09:10:00,taipei-dc1,web01,1.0906495371920772,1.0718814806584043,0.0008685464841321546,1,0
P1,2,2026-04-06 09:10:00,taipei-dc1,db01,1.0662306095887153,1.056962070281951,0.0010352667733285721,1,0
P1,3,2026-04-06 09:15:00,taipei-dc1,fw01,0.9769885137693476,1.0463845737289494,0.0011201512496292522,1,0
P1,3,2026-04-06 09:15:00,taipei-dc1,web01,1.0924114603881594,1.0167684902109313,0.001074069697595982,1,0
P1,3,2026-04-06 09:15:00,taipei-dc1,db01,0.9390580019189552,1.0886025554860104,0.0009607694006777501,1,0
P1,4,2026-04-06 09:20:00,taipei-dc1,fw01,0.8602599598821891,1.0279128111868843,0.0010815373199495797,1,0
P1,4,2026-04-06 09:20:00,taipei-dc1,web01,1.0720709141797207,1.0685741582360933,0.0009540351970442353,1,0
P1,4,2026-04-06 09:20:00,taipei-dc1,db01,1.0234069563023758,1.0244244367713977,0.0011069276966504265,1,0
P1,5,2026-04-06 09:25:00,taipei-dc1,fw01,4.8,1.125496244531218,0.0009465450425948772,1,0
P1,5,2026-04-06 09:25:00,taipei-dc1,web01,1.283362074235824,0.9730533785101886,0.0009562701044100739,1,0
P1,5,2026-04-06 09:25:00,taipei-dc1,db01,0.9519496194961488,1.0103710932484877,0.0011188006384247999,1,0
P1,6,2026-04-06 09:30:00,taipei-dc1,fw01,1.093853906727007,1.1096681526426149,0.0012136434452612692,1,0
P1,6,2026-04-06 09:30:00,taipei-dc1,web01,1.1073501379094102,0.9815593185790108,0.0009021866185311565,1,0
P1,6,2026-04-06 09:30:00,taipei-dc1,db01,0.7954043641470868,1.042897233381716,0.000990667264734184,1,0
P1,7,2026-04-06 09:35:00,taipei-dc1,fw01,0.9664986667734101,1.0018926078616186,0.0011657343821644933,1,0
P1,7,2026-04-06 09:35:00,taipei-dc1,web01,1.0887343171347241,0.9637859676926963,0.0009499383484985401,1,0
P1,7,2026-04-06 09:35:00,taipei-dc1,db01,0.8377641982587397,1.0484850191270512,0.0009526904723429125,1,0
P1,8,2026-04-06 09:40:00,taipei-dc1,fw01,1.0213562052319467,1.1166153986810203,0.0010605312523762715,1,0
P1,8,2026-04-06 09:40:00,taipei-dc1,web01,1.0978998720077409,1.0610571530950927,0.0009847223397227323,1,0
P1,8,2026-04-06 09:40:00,taipei-dc1,db01,0.9337867345462544,1.0083406319555221,0.0008676641850041914,1,0
P1,9,2026-04-06 09:45:00,taipei-dc1,fw01,4.3,1.0087234582554843,0.0009414001316733048,1,0
P1,9,2026-04-06 09:45:00,taipei-dc1,web01,1.0067340289920141,1.050480962662808,0.0009754315640280444,1,0
P1,9,2026-04-06 09:45:00,taipei-dc1,db01,0.9079987660853948,1.022314500019911,0.0006993481973084298,1,0
P1,10,2026-04-06 09:50:00,taipei-dc1,fw01,4.3,1.0745237135782952,0.001059834801062114,1,0
P1,10,2026-04-06 09:50:00,taipei-dc1,web01,1.0350285427992094,1.0967538473193639,0.0011680392749869042,1,0
P1,10,2026-04-06 09:50:00,taipei-dc1,db01,1.023258399854235,1.032844559301827,0.0009194843111123319,1,0
P1,11,2026-04-06 09:55:00,taipei-dc1,fw01,4.3,1.0593175691640662,0.0010084283026694258,1,0
P1,11,2026-04-06 09:55:00,taipei-dc1,web01,0.9189710750054046,1.0689672451633512,0.0010848308909151806,1,0
P1,11,2026-04-06 09:55:00,taipei-dc1,db01,0.9509353044269891,1.0163533684650654,0.0010824888297327083,1,0
P1,12,2026-04-06 10:00:00,taipei-dc1,fw01,4.3,0.9826179296721302,0.0009764873443793837,1,0
P1,12,2026-04-06 10:00:00,taipei-dc1,web01,1.3209271383955672,1.004310264744569,0.0010201631617371423,1,0
P1,12,2026-04-06 10:00:00,taipei-dc1,db01,0.8282059329722493,1.0307393370079836,0.0008611535491755347,1,0
P1,13,2026-04-06 10:05:00,taipei-dc1,fw01,4.3,0.9927341425209228,0.0009978768433907305,1,0
P1,13,2026-04-06 10:05:00,taipei-dc1,web01,1.0862768550840198,1.048243574037203,0.001018576235631183,1,0
P1,13,2026-04-06 10:05:00,taipei-dc1,db01,0.8133311796352438,1.0024032610814562,0.0009923642250947542,1,0
P1,14,2026-04-06 10:10:00,taipei-dc1,fw01,1.1500382274333356,1.0026550685855515,0.0009215329897029504,1,0
P1,14,2026-04-06 10:10:00,taipei-dc1,web01,1.260473851730827,1.029171677974491,0.00109931939567935,1,0
P1,14,2026-04-06 10:10:00,taipei-dc1,db01,1.0117728665741372,0.9755285850646327,0.0010771383760202705,1,0
P1,15,2026-04-06 10:15:00,taipei-dc1,fw01,1.0994293012131415,0.9466976906839959,0.0009765827435023158,1,0
P1,15,2026-04-06 10:15:00,taipei-dc1,web01,1.1145205439869117,1.0446138797601436,0.0010789707870482404,1,0
P1,15,2026-04-06 10:15:00,taipei-dc1,db01,0.7773626633377766,0.9983761707264542,0.000930466866672278,1,0
P1,16,2026-04-06 10:20:00,taipei-dc1,fw01,4.2,1.0851209718892079,0.0011743850666456554,1,0
P1,16,2026-04-06 10:20:00,taipei-dc1,web01,1.1734373980319184,1.0267932118746956,0.0009097575958235092,1,0
P1,16,2026-04-06 10:20:00,taipei-dc1,db01,0.8753513919717082,1.0979303516778152,0.0007872104881571444,1,0
P1,17,2026-04-06 10:25:00,taipei-dc1,fw01,2.7,1.0416637088646852,0.0009400341662372888,1,0
P1,17,2026-04-06 10:25:00,taipei-dc1,web01,1.0614103108634596,0.9876757074289365,0.0008841532175131605,1,0
P1,17,2026-04-06 10:25:00,taipei-dc1,db01,0.9049394792434033,1.092957178258976,0.0008412818076445087,1,0
P1,18,2026-04-06 10:30:00,taipei-dc1,fw01,4.2,1.0888173095442761,0.0008825631307810538,1,0
P1,18,2026-04-06 10:30:00,taipei-dc1,web01,1.0889499879963713,1.0069307351708146,0.0009868141858529822,1,0
P1,18,2026-04-06 10:30:00,taipei-dc1,db01,0.8616843210178096,1.0385790514934763,0.001025552264185717,1,0
P1,19,2026-04-06 10:35:00,taipei-dc1,fw01,2.7,0.9644788778205922,0.0010408568844485833,1,0
P1,19,2026-04-06 10:35:00,taipei-dc1,web01,1.2505971686595987,1.0797526653317562,0.0009369530658640095,1,0
P1,19,2026-04-06 10:35:00,taipei-dc1,db01,1.009911022690158,1.0573321029882345,0.0011258122800689753,1,0
P1,20,2026-04-06 10:40:00,taipei-dc1,fw01,0.9747515719148079,1.006780199087053,0.0009472855555656091,1,0
P1,20,2026-04-06 10:40:00,taipei-dc1,web01,1.2047236392689975,1.0231402264633014,0.0011331370504898618,1,0
P1,20,2026-04-06 10:40:00,taipei-dc1,db01,0.8445081784382482,1.0094088996491115,0.0009257762523527046,1,0
P1,21,2026-04-06 10:45:00,taipei-dc1,fw01,0.8435909355047483,1.0803711982082567,0.001183631750086571,1,0
P1,21,2026-04-06 10:45:00,taipei-dc1,web01,0.9598183648041331,1.066035510041856,0.0009784065149835719,1,0
P1,21,2026-04-06 10:45:00,taipei-dc1,db01,0.855247221831205,1.0336942416467543,0.0008754600939372031,1,0
P1,22,2026-04-06 10:50:00,taipei-dc1,fw01,0.8934636274487939,0.9891982571161204,0.0008860427277957802,1,0
P1,22,2026-04-06 10:50:00,taipei-dc1,web01,1.0416594716931804,1.0524279328358275,0.0012422439666018531,1,0
P1,22,2026-04-06 10:50:00,taipei-dc1,db01,0.9967160323649727,1.0390461053132454,0.0007972186003013888,1,0
P1,23,2026-04-06 10:55:00,taipei-dc1,fw01,1.0686765026755551,1.0219976051990318,0.0008387378542018001,1,0
P1,23,2026-04-06 10:55:00,taipei-dc1,web01,1.173642584547941,1.033574949537943,0.0008273072935649653,1,0
P1,23,2026-04-06 10:55:00,taipei-dc1,db01,1.0021979027428103,1.0428309758936274,0.0009288015077211614,1,0
P2,0,2026-04-07 09:00:00,taipei-dc1,fw01,0.9270962228100399,0.9636395923549266,0.0008845771237979878,1,0
P2,0,2026-04-07 09:00:00,taipei-dc1,web01,1.0770195851363638,1.0715833080565593,0.0009100410814250454,1,0
P2,0,2026-04-07 09:00:00,taipei-dc1,db01,1.029866705751533,1.0904373184379084,0.000854427843977471,1,0
P2,1,2026-04-07 09:05:00,taipei-dc1,fw01,1.1509700127629583,1.0058963719935556,0.001180377911873862,1,0
P2,1,2026-04-07 09:05:00,taipei-dc1,web01,0.9896815250954538,1.0790267544570955,0.0008726594644660076,1,0
P2,1,2026-04-07 09:05:00,taipei-dc1,db01,0.9411651415188249,1.0065942304201587,0.0010016453757305927,1,0
P2,2,2026-04-07 09:10:00,taipei-dc1,fw01,1.1127592149882832,0.9932335278898372,0.0010585354924170561,1,0
P2,2,2026-04-07 09:10:00,taipei-dc1,web01,0.912572217399612,1.0880416086524622,0.0011615887100110225,1,0
P2,2,2026-04-07 09:10:00,taipei-dc1,db01,1.004473189755484,1.034096345159573,0.0013003438870971865,1,0
P2,3,2026-04-07 09:15:00,taipei-dc1,fw01,0.972161353297752,0.9681751076814387,0.001014444015274515,1,0
P2,3,2026-04-07 09:15:00,taipei-dc1,web01,1.0653131277032744,1.0047244086587113,0.0009691775723529982,1,0
P2,3,2026-04-07 09:15:00,taipei-dc1,db01,0.9457569995990258,0.9879625274833254,0.0010607007961161807,1,0
P2,4,2026-04-07 09:20:00,taipei-dc1,fw01,1.1314881144575486,1.0115692965662266,0.0009995515300590008,1,0
P2,4,2026-04-07 09:20:00,taipei-dc1,web01,1.2211099064344597,1.0139335899078878,0.0009520486426073323,1,0
P2,4,2026-04-07 09:20:00,taipei-dc1,db01,1.0800763368492559,1.07356122052417,0.0010024671865277613,1,0
P2,5,2026-04-07 09:25:00,taipei-dc1,fw01,0.9282159568176253,1.0245205697853705,0.0012795193160816541,1,0
P2,5,2026-04-07 09:25:00,taipei-dc1,web01,1.0326634232704224,1.070806721509856,0.0010746979040766995,1,0
P2,5,2026-04-07 09:25:00,taipei-dc1,db01,1.0000951893167858,1.0535439233101704,0.0010565000619262004,1,0
P2,6,2026-04-07 09:30:00,taipei-dc1,fw01,4.9,1.0183030849363544,0.0006570369934247747,1,0
P2,6,2026-04-07 09:30:00,taipei-dc1,web01,0.9657142446783905,1.01794029318017,0.0008789502370930214,1,0
P2,6,2026-04-07 09:30:00,taipei-dc1,db01,1.0218915825776034,1.0224173975302793,0.0008765288444389808,1,0
P2,7,2026-04-07 09:35:00,taipei-dc1,fw01,4.9,0.9786643996379227,0.0007578259155057484,1,0
P2,7,2026-04-07 09:35:00,taipei-dc1,web01,1.0859253739107073,1.03522307733241,0.0010976036325861978,1,0
P2,7,2026-04-07 09:35:00,taipei-dc1,db01,0.8859833346976573,0.9801484184264352,0.0010427284968390464,1,0
P2,8,2026-04-07 09:40:00,taipei-dc1,fw01,4.9,4.6,0.001243670358749333,1,0
P2,8,2026-04-07 09:40:00,taipei-dc1,web01,1.0914896162537737,1.0698845307964548,0.0010761232196115883,1,0
P2,8,2026-04-07 09:40:00,taipei-dc1,db01,1.0019261331681788,1.0216529653373743,0.0010258180906704488,1,0
P2,9,2026-04-07 09:45:00,taipei-dc1,fw01,4.9,4.6,0.0008958312467302462,1,0
P2,9,2026-04-07 09:45:00,taipei-dc1,web01,1.1331377237660156,1.007083112291512,0.0009515306105807173,1,0
P2,9,2026-04-07 09:45:00,taipei-dc1,db01,0.9575504548834122,1.0727983055033108,0.0007497691322696509,1,0
P2,10,2026-04-07 09:50:00,taipei-dc1,fw01,4.9,4.6,0.04,1,0
P2,10,2026-04-07 09:50:00,taipei-dc1,web01,1.0879836694586826,1.0286054082917064,0.0010070078160707599,1,0
P2,10,2026-04-07 09:50:00,taipei-dc1,db01,1.03521603064615,1.0430343708934595,0.0011007042996522903,1,0
P2,11,2026-04-07 09:55:00,taipei-dc1,fw01,4.9,4.6,0.04,1,0
P2,11,2026-04-07 09:55:00,taipei-dc1,web01,1.0635651045713403,1.0259968071588583,0.0010092584134037445,1,0
P2,11,2026-04-07 09:55:00,taipei-dc1,db01,0.8626300606266137,1.0804887492608897,0.0008282034537770091,1,0
P2,12,2026-04-07 10:00:00,taipei-dc1,fw01,4.9,4.6,0.04,1,0
P2,12,2026-04-07 10:00:00,taipei-dc1,web01,1.0757478011327777,1.1016622890098091,0.0006993055764485388,1,0
P2,12,2026-04-07 10:00:00,taipei-dc1,db01,1.0141741898390813,1.0402582445254236,0.0010277608783341792,1,0
P2,13,2026-04-07 10:05:00,taipei-dc1,fw01,4.9,4.6,0.04,1,0
P2,13,2026-04-07 10:05:00,taipei-dc1,web01,1.1521275726085063,1.00575205035683,0.0010177087803843238,1,0
P2,13,2026-04-07 10:05:00,taipei-dc1,db01,0.8986599176962005,0.9918764095991821,0.0008184689497502775,1,0
P2,14,2026-04-07 10:10:00,taipei-dc1,fw01,4.9,4.6,0.04,1,0
P2,14,2026-04-07 10:10:00,taipei-dc1,web01,1.0815939303787558,1.026643034018641,0.0008781116178845731,1,0
P2,14,2026-04-07 10:10:00,taipei-dc1,db01,1.0111472219884379,1.0112882804176988,0.0011786537750560623,1,0
P2,15,2026-04-07 10:15:00,taipei-dc1,fw01,4.9,4.6,0.04,1,0
P2,15,2026-04-07 10:15:00,taipei-dc1,web01,1.1319694033834045,1.134184902047781,0.0011429832524488574,1,0
P2,15,2026-04-07 10:15:00,taipei-dc1,db01,0.926108607743499,1.0490007314857235,0.000882478007473495,1,0
P2,16,2026-04-07 10:20:00,taipei-dc1,fw01,4.9,4.6,0.04,1,0
P2,16,2026-04-07 10:20:00,taipei-dc1,web01,0.8647757149535846,1.0440509996293725,0.0010287467971402695,1,0
P2,16,2026-04-07 10:20:00,taipei-dc1,db01,1.0015922687357912,1.0291391313271099,0.0008930004480338694,1,0
P2,17,2026-04-07 10:25:00,taipei-dc1,fw01,4.9,4.6,0.04,1,0
P2,17,2026-04-07 10:25:00,taipei-dc1,web01,1.0898618090010463,1.0556684234772922,0.0009287819199997048,1,0
P2,17,2026-04-07 10:25:00,taipei-dc1,db01,1.0738812853408122,0.9775406126090534,0.000998116954039782,1,0
P2,18,2026-04-07 10:30:00,taipei-dc1,fw01,4.9,4.6,0.04,1,0
P2,18,2026-04-07 10:30:00,taipei-dc1,web01,0.989487949400865,1.066349616299042,0.0010935024987935597,1,0
P2,18,2026-04-07 10:30:00,taipei-dc1,db01,0.8565676942891511,1.0122797515486281,0.0012104436572865443,1,0
P2,19,2026-04-07 10:35:00,taipei-dc1,fw01,4.9,4.6,0.04,1,0
P2,19,2026-04-07 10:35:00,taipei-dc1,web01,0.9725466201168101,1.074230105918593,0.001062790999498361,1,0
P2,19,2026-04-07 10:35:00,taipei-dc1,db01,0.9468069001162647,1.0155258203490114,0.0011114150265441804,1,0
P2,20,2026-04-07 10:40:00,taipei-dc1,fw01,4.9,4.6,0.04,1,0
P2,20,2026-04-07 10:40:00,taipei-dc1,web01,0.8622621103249859,1.0508694367402351,0.0010712564750292978,1,0
P2,20,2026-04-07 10:40:00,taipei-dc1,db01,1.1373547328568463,0.9942164875457422,0.0009064759100651246,1,0
P2,21,2026-04-07 10:45:00,taipei-dc1,fw01,4.9,4.6,0.04,1,0
P2,21,2026-04-07 10:45:00,taipei-dc1,web01,0.9329587715837422,1.097787321825081,0.0010067566837924098,1,0
P2,21,2026-04-07 10:45:00,taipei-dc1,db01,1.1380035055391224,1.0626445139705714,0.0010427285466167383,1,0
P2,22,2026-04-07 10:50:00,taipei-dc1,fw01,4.9,4.6,0.04,1,0
P2,22,2026-04-07 10:50:00,taipei-dc1,web01,1.176431848373847,1.0779637758971732,0.0009160188418150886,1,0
P2,22,2026-04-07 10:50:00,taipei-dc1,db01,0.8573253211461435,1.0353841710481422,0.0008552131166238398,1,0
P2,23,2026-04-07 10:55:00,taipei-dc1,fw01,4.9,4.6,0.04,1,0
P2,23,2026-04-07 10:55:00,taipei-dc1,web01,0.9961834685842959,0.9619653222605065,0.0009436615616036352,1,0
P2,23,2026-04-07 10:55:00,taipei-dc1,db01,1.0959484138809479,1.039448192637887,0.00097907660407751,1,0
P2,24,2026-04-07 11:00:00,taipei-dc1,fw01,4.9,4.6,0.04,1,0
P2,24,2026-04-07 11:00:00,taipei-dc1,web01,0.8512981054954945,0.9970982797060773,0.0008127230147242366,1,0
P2,24,2026-04-07 11:00:00,taipei-dc1,db01,1.0152032657671455,1.0839692352425914,0.001161877108880905,1,0
P2,25,2026-04-07 11:05:00,taipei-dc1,fw01,4.9,4.6,0.04,1,0
P2,25,2026-04-07 11:05:00,taipei-dc1,web01,1.0433335412726032,1.0261682211629006,0.0010132871366817762,1,0
P2,25,2026-04-07 11:05:00,taipei-dc1,db01,0.9305252556283768,1.023408119454697,0.0009962267851832808,1,0
P2,26,2026-04-07 11:10:00,taipei-dc1,fw01,4.9,4.6,0.04,1,0
P2,26,2026-04-07 11:10:00,taipei-dc1,web01,1.1235849788547683,1.000404285068617,0.0010757617646498352,1,0
P2,26,2026-04-07 11:10:00,taipei-dc1,db01,0.982792436234059,1.0039028987891974,0.0010178718281999035,1,0
P2,27,2026-04-07 11:15:00,taipei-dc1,fw01,4.9,4.6,0.04,1,0
P2,27,2026-04-07 11:15:00,taipei-dc1,web01,0.988619909100309,1.0355974602339073,0.0010518732620658743,1,0
P2,27,2026-04-07 11:15:00,taipei-dc1,db01,0.7437861810538292,1.0202643249693266,0.0011355408721235361,1,0
P2,28,2026-04-07 11:20:00,taipei-dc1,fw01,4.9,4.6,0.04,1,0
P2,28,2026-04-07 11:20:00,taipei-dc1,web01,1.082734647685678,1.0693581192323105,0.0009189747729874503,1,0
P2,28,2026-04-07 11:20:00,taipei-dc1,db01,0.9033233952767552,1.0264107760328298,0.0010620940245207365,1,0
P2,29,2026-04-07 11:25:00,taipei-dc1,fw01,4.9,4.6,0.04,1,0
P2,29,2026-04-07 11:25:00,taipei-dc1,web01,1.0747130952760817,1.0446923237331482,0.0010524918784818962,1,0
P2,29,2026-04-07 11:25:00,taipei-dc1,db01,0.9525862510124281,1.0590484580335586,0.0009811459803481316,1,0
P2,30,2026-04-07 11:30:00,taipei-dc1,fw01,1.0154499898729568,1.064185917676681,0.001067074195014475,1,0
P2,30,2026-04-07 11:30:00,taipei-dc1,web01,1.2091802893595456,1.0343718277913931,0.0010485084403105524,1,0
P2,30,2026-04-07 11:30:00,taipei-dc1,db01,0.7984990940922534,0.9936296358172788,0.0009952058643836303,1,0
P2,31,2026-04-07 11:35:00,taipei-dc1,fw01,1.2239393454449834,1.0031080542012871,0.0008464490628898771,1,0
P2,31,2026-04-07 11:35:00,taipei-dc1,web01,1.1254857820963895,1.0604243487998917,0.0011204464225285163,1,0
P2,31,2026-04-07 11:35:00,taipei-dc1,db01,0.9143974639841866,1.0031916567531536,0.0010050433960630666,1,0
P2,32,2026-04-07 11:40:00,taipei-dc1,fw01,0.845579985720793,1.028552734620193,0.0007275579398723144,1,0
P2,32,2026-04-07 11:40:00,taipei-dc1,web01,1.0841114802504452,1.0068278422077723,0.001007925971873415,1,0
P2,32,2026-04-07 11:40:00,taipei-dc1,db01,0.8577756470473752,1.068210598858598,0.0009063807785812898,1,0
P2,33,2026-04-07 11:45:00,taipei-dc1,fw01,0.7468088924349983,0.9848851586268119,0.0010771375288908768,1,0
P2,33,2026-04-07 11:45:00,taipei-dc1,web01,1.2555249350077096,1.0000128510065767,0.0012062452406636285,1,0
P2,33,2026-04-07 11:45:00,taipei-dc1,db01,0.9716638983694006,1.095701026442797,0.0009373835717705539,1,0
P2,34,2026-04-07 11:50:00,taipei-dc1,fw01,1.04023332522712,1.0550516824103502,0.0008668297158240364,1,0
P2,34,2026-04-07 11:50:00,taipei-dc1,web01,1.0410055527398396,1.063306242408766,0.0010369455641000482,1,0
P2,34,2026-04-07 11:50:00,taipei-dc1,db01,1.051339814129648,1.1063428733619525,0.0009345494694967294,1,0
P2,35,2026-04-07 11:55:00,taipei-dc1,fw01,0.8154330898721952,1.0160583667507233,0.00106471107744449,1,0
P2,35,2026-04-07 11:55:00,taipei-dc1,web01,1.1336715124109673,1.0531605276259541,0.0008933015698367856,1,0
P2,35,2026-04-07 11:55:00,taipei-dc1,db01,0.8139194110376324,1.0588672741135312,0.0010281727309224948,1,0
P3,0,2026-04-08 09:00:00,taipei-dc1,fw01,0.8929086453999684,1.0090247083847979,0.001041164358788257,1,0
P3,0,2026-04-08 09:00:00,taipei-dc1,web01,1.0895928410922098,1.0372341137831331,0.0008203411154531197,1,0
P3,0,2026-04-08 09:00:00,taipei-dc1,db01,0.9659573111589701,1.049902767103619,0.0010735782495483884,1,0
P3,1,2026-04-08 09:05:00,taipei-dc1,fw01,1.0080556660674551,1.0752643894201734,0.0010574230461242158,1,0
P3,1,2026-04-08 09:05:00,taipei-dc1,web01,1.0078584190458806,1.0563530192469144,0.0010169414770910786,1,0
P3,1,2026-04-08 09:05:00,taipei-dc1,db01,0.9738598794373905,1.0948544736690098,0.001063532342898026,1,0
P3,2,2026-04-08 09:10:00,taipei-dc1,fw01,1.0996232877341394,1.0604267458091954,0.0011613892962235887,1,0
P3,2,2026-04-08 09:10:00,taipei-dc1,web01,0.9237760133402685,1.0172235431054886,0.0009881965719962314,1,0
P3,2,2026-04-08 09:10:00,taipei-dc1,db01,0.9266907068294802,1.0361212046483894,0.0009504853529280982,1,0
P3,3,2026-04-08 09:15:00,taipei-dc1,fw01,1.003210235910803,1.0455537103605477,0.0010911186215758553,1,0
P3,3,2026-04-08 09:15:00,taipei-dc1,web01,1.1208367233525673,1.0066341125710805,0.0009757650531051503,1,0
P3,3,2026-04-08 09:15:00,taipei-dc1,db01,0.9650569738271437,1.038017398811315,0.0010183487882606858,1,0
P3,4,2026-04-08 09:20:00,taipei-dc1,fw01,1.0400683820980772,1.0263156028144915,0.0011193040757908695,1,0
P3,4,2026-04-08 09:20:00,taipei-dc1,web01,1.0868089972454658,0.9926142861747119,0.0009901421898095908,1,0
P3,4,2026-04-08 09:20:00,taipei-dc1,db01,0.7812352632364039,1.0272180286776618,0.0010305622413747315,1,0
P3,5,2026-04-08 09:25:00,taipei-dc1,fw01,0.9289718574651757,1.016412937304616,0.0012203626221246307,1,0
P3,5,2026-04-08 09:25:00,taipei-dc1,web01,1.155324037471753,1.012508120397531,0.0008663729849313449,1,0
P3,5,2026-04-08 09:25:00,taipei-dc1,db01,0.7527877997114857,1.0508542692416438,0.0011952941565185934,1,0
P3,6,2026-04-08 09:30:00,taipei-dc1,fw01,5.2,1.0248111192125002,0.0009777417997867037,0,0
P3,6,2026-04-08 09:30:00,taipei-dc1,web01,0.9395281390993167,1.0713900968700405,0.001002709432322938,1,0
P3,6,2026-04-08 09:30:00,taipei-dc1,db01,1.004477893740512,1.0496975456960278,0.0008349722211651847,1,0
P3,7,2026-04-08 09:35:00,taipei-dc1,fw01,5.2,1.047466712240471,0.001087511356904772,0,0
P3,7,2026-04-08 09:35:00,taipei-dc1,web01,1.0321344368045393,1.0058051731830693,0.0009312901273037535,1,0
P3,7,2026-04-08 09:35:00,taipei-dc1,db01,0.9073097875645002,1.0669343563211622,0.0010720441749400426,1,0
P3,8,2026-04-08 09:40:00,taipei-dc1,fw01,5.2,1.0501847180977362,0.0010453133053545036,0,0
P3,8,2026-04-08 09:40:00,taipei-dc1,web01,4.6,1.036398014300909,0.001068129883499534,0,0
P3,8,2026-04-08 09:40:00,taipei-dc1,db01,0.8265194067788338,0.9986953941705087,0.0011038076919546423,1,0
P3,9,2026-04-08 09:45:00,taipei-dc1,fw01,5.2,0.9737231761843028,0.0009216983467346253,0,0
P3,9,2026-04-08 09:45:00,taipei-dc1,web01,4.6,1.0494697588779909,0.0009662224449128458,0,0
P3,9,2026-04-08 09:45:00,taipei-dc1,db01,0.8827579068296139,1.0792721944159205,0.000921405216816929,1,0
P3,10,2026-04-08 09:50:00,taipei-dc1,fw01,5.2,1.0457402775984808,0.0009643179298039647,0,0
P3,10,2026-04-08 09:50:00,taipei-dc1,web01,4.6,1.0140194576343404,0.0011945216716444372,0,0
P3,10,2026-04-08 09:50:00,taipei-dc1,db01,4.7,0.9618928332605678,0.0010300392538851863,0,0
P3,11,2026-04-08 09:55:00,taipei-dc1,fw01,5.2,0.9711077818138009,0.0009150453064001958,0,0
P3,11,2026-04-08 09:55:00,taipei-dc1,web01,4.6,1.0205423668717994,0.0005592601582533714,0,0
P3,11,2026-04-08 09:55:00,taipei-dc1,db01,4.7,0.9953331871900755,0.0010689976776407418,0,0
P3,12,2026-04-08 10:00:00,taipei-dc1,fw01,5.2,1.0561892157439419,0.001080664033648109,0,0
P3,12,2026-04-08 10:00:00,taipei-dc1,web01,4.6,1.0523962420050654,0.0009442325700103702,0,0
P3,12,2026-04-08 10:00:00,taipei-dc1,db01,4.7,1.0248133077008368,0.0010444525782282283,0,0
P3,13,2026-04-08 10:05:00,taipei-dc1,fw01,5.2,1.0647675310138647,0.0008872398990992306,0,0
P3,13,2026-04-08 10:05:00,taipei-dc1,web01,4.6,1.0226289281567977,0.0011124693136221075,0,0
P3,13,2026-04-08 10:05:00,taipei-dc1,db01,4.7,1.0319206090157163,0.0007983166993520921,0,0
P3,14,2026-04-08 10:10:00,taipei-dc1,fw01,5.2,1.0428561993095031,0.0009888168457882437,0,0
P3,14,2026-04-08 10:10:00,taipei-dc1,web01,4.6,1.0896887489524696,0.0009075291758742895,0,0
P3,14,2026-04-08 10:10:00,taipei-dc1,db01,4.7,1.021848054671297,0.0009866272394849053,0,0
P3,15,2026-04-08 10:15:00,taipei-dc1,fw01,5.2,0.9320287168707815,0.000965698469528221,0,0
P3,15,2026-04-08 10:15:00,taipei-dc1,web01,4.6,1.0302599538695798,0.0011154899174972577,0,0
P3,15,2026-04-08 10:15:00,taipei-dc1,db01,4.7,1.0655820100893132,0.00117159643065016,0,0
P3,16,2026-04-08 10:20:00,taipei-dc1,fw01,5.2,1.0896137120425842,0.0009366586340935464,0,0
P3,16,2026-04-08 10:20:00,taipei-dc1,web01,4.6,1.0175544957971248,0.0008849310519399959,0,0
P3,16,2026-04-08 10:20:00,taipei-dc1,db01,4.7,1.021687479428464,0.0009754401912271898,0,0
P3,17,2026-04-08 10:25:00,taipei-dc1,fw01,5.2,1.019287636311157,0.000935549516495265,0,0
P3,17,2026-04-08 10:25:00,taipei-dc1,web01,4.6,0.9767458917690185,0.001097595000461716,0,0
P3,17,2026-04-08 10:25:00,taipei-dc1,db01,4.7,1.0930043109027332,0.0010877406068032698,0,0
P3,18,2026-04-08 10:30:00,taipei-dc1,fw01,5.2,1.0824091774604432,0.0009311353243019846,0,0
P3,18,2026-04-08 10:30:00,taipei-dc1,web01,4.6,1.0644796098798441,0.0012698498546724235,0,0
P3,18,2026-04-08 10:30:00,taipei-dc1,db01,4.7,1.0790915222311033,0.0009081258282922807,0,0
P3,19,2026-04-08 10:35:00,taipei-dc1,fw01,5.2,1.0130485960844386,0.0008980031183563411,0,0
P3,19,2026-04-08 10:35:00,taipei-dc1,web01,4.6,1.03352776999217,0.0009281563470763779,0,0
P3,19,2026-04-08 10:35:00,taipei-dc1,db01,4.7,1.0146574123577699,0.0009116787623960035,0,0
P3,20,2026-04-08 10:40:00,taipei-dc1,fw01,5.2,1.0165903498928708,0.0012958867356870757,0,0
P3,20,2026-04-08 10:40:00,taipei-dc1,web01,4.6,1.0257993542201227,0.0010787492222043985,0,0
P3,20,2026-04-08 10:40:00,taipei-dc1,db01,4.7,1.0958284214369152,0.0007151517931234816,0,0
P3,21,2026-04-08 10:45:00,taipei-dc1,fw01,5.2,1.041509637919653,0.0010044300163372154,0,0
P3,21,2026-04-08 10:45:00,taipei-dc1,web01,4.6,0.9904558403223606,0.0012467864893610557,0,0
P3,21,2026-04-08 10:45:00,taipei-dc1,db01,4.7,1.0963252220192912,0.001090217325947388,0,0
P3,22,2026-04-08 10:50:00,taipei-dc1,fw01,5.2,1.0767297437120125,0.0009667775991277076,0,0
P3,22,2026-04-08 10:50:00,taipei-dc1,web01,4.6,1.1206036404646804,0.0010324178036026615,0,0
P3,22,2026-04-08 10:50:00,taipei-dc1,db01,4.7,1.0220454758625284,0.0010381911807171552,0,0
P3,23,2026-04-08 10:55:00,taipei-dc1,fw01,5.2,1.0254955269237511,0.0011129056447828662,0,0
P3,23,2026-04-08 10:55:00,taipei-dc1,web01,4.6,1.0253153705236666,0.000924033625384787,0,0
P3,23,2026-04-08 10:55:00,taipei-dc1,db01,4.7,1.0051172695018369,0.0008725709385781066,0,0
P3,24,2026-04-08 11:00:00,taipei-dc1,fw01,0.8767658019237039,1.0903016555474796,0.0008030503137669086,1,0
P3,24,2026-04-08 11:00:00,taipei-dc1,web01,1.124540706566258,1.0698335996624722,0.0010293432069420913,1,0
P3,24,2026-04-08 11:00:00,taipei-dc1,db01,0.9342022680483504,1.0761449053740895,0.0009606653773597479,1,0
P3,25,2026-04-08 11:05:00,taipei-dc1,fw01,0.9420119832387484,1.0464171421844888,0.001104427711853413,1,0
P3,25,2026-04-08 11:05:00,taipei-dc1,web01,1.1224615609370858,1.0476655990062818,0.0009941068996115606,1,0
P3,25,2026-04-08 11:05:00,taipei-dc1,db01,1.0250923428354515,1.0511679848386972,0.0009205379093168212,1,0
P3,26,2026-04-08 11:10:00,taipei-dc1,fw01,0.7215071622173335,1.0621596385258663,0.0009133792576225103,1,0
P3,26,2026-04-08 11:10:00,taipei-dc1,web01,1.067657481552298,1.0000783930411383,0.0010475623050850323,1,0
P3,26,2026-04-08 11:10:00,taipei-dc1,db01,1.1255298684274253,1.0267101070689864,0.0012438262787534122,1,0
P3,27,2026-04-08 11:15:00,taipei-dc1,fw01,0.8262379567335267,1.0461496240534691,0.0010483213132567854,1,0
P3,27,2026-04-08 11:15:00,taipei-dc1,web01,1.0104140603941487,0.999085336566879,0.0009211067333830407,1,0
P3,27,2026-04-08 11:15:00,taipei-dc1,db01,1.211594708813899,1.050642410024525,0.0011936751898551183,1,0
P3,28,2026-04-08 11:20:00,taipei-dc1,fw01,0.8847101959686635,0.9952133452224518,0.0009717966404029514,1,0
P3,28,2026-04-08 11:20:00,taipei-dc1,web01,1.1639646150029113,1.0449074806816827,0.0010551127770566996,1,0
P3,28,2026-04-08 11:20:00,taipei-dc1,db01,0.9147946772867498,1.1044650005556165,0.0009440165219903443,1,0
P3,29,2026-04-08 11:25:00,taipei-dc1,fw01,0.9468770276303298,1.0133070910788773,0.001188159224563138,1,0
P3,29,2026-04-08 11:25:00,taipei-dc1,web01,1.1712101760687237,1.0348940841971477,0.0007856898771964544,1,0
P3,29,2026-04-08 11:25:00,taipei-dc1,db01,0.8581749775132697,1.0761531578519221,0.0010765128689265318,1,0
P4,0,2026-04-09 09:00:00,taipei-dc1,fw01,0.9430677845980431,1.0271044847582937,0.0010241056244840521,1,0
P4,0,2026-04-09 09:00:00,taipei-dc1,web01,1.018966298354067,1.024682383028735,0.0009798741912156413,1,0
P4,0,2026-04-09 09:00:00,taipei-dc1,db01,0.8955626917522206,1.0859823222923082,0.0011985380390706227,1,0
P4,1,2026-04-09 09:05:00,taipei-dc1,fw01,0.9925986087342654,1.0385807252762373,0.0011438213888663507,1,0
P4,1,2026-04-09 09:05:00,taipei-dc1,web01,1.0491848776872614,1.0081334721058324,0.001072465496757905,1,0
P4,1,2026-04-09 09:05:00,taipei-dc1,db01,0.973056677131663,0.999502690445832,0.0010526387708548826,1,0
P4,2,2026-04-09 09:10:00,taipei-dc1,fw01,1.1116338731570172,1.0562261900327183,0.0009680934358434748,1,0
P4,2,2026-04-09 09:10:00,taipei-dc1,web01,0.9655459241260806,1.0061200244879662,0.0011022596457007897,1,0
P4,2,2026-04-09 09:10:00,taipei-dc1,db01,1.0057715248017325,1.0443139578008585,0.0009740286390482781,1,0
P4,3,2026-04-09 09:15:00,taipei-dc1,fw01,0.7939498342731692,1.0271098527290239,0.0009042984299187747,1,0
P4,3,2026-04-09 09:15:00,taipei-dc1,web01,1.214828660887076,1.0314106292764083,0.0008404042614730046,1,0
P4,3,2026-04-09 09:15:00,taipei-dc1,db01,0.9951111796450935,0.9984178142368821,0.0007985913210690156,1,0
P4,4,2026-04-09 09:20:00,taipei-dc1,fw01,1.1363699014342878,1.0993925379138494,0.0009138036366263919,1,0
P4,4,2026-04-09 09:20:00,taipei-dc1,web01,1.1600646068795384,1.0661950442037058,0.0007977487742683426,1,0
P4,4,2026-04-09 09:20:00,taipei-dc1,db01,1.0279795759738386,1.0597147835706773,0.001028457497687654,1,0
P4,5,2026-04-09 09:25:00,taipei-dc1,fw01,4.4,0.9894752321380347,0.0011005305240838629,1,0
P4,5,2026-04-09 09:25:00,taipei-dc1,web01,0.9786620615480641,1.0194616725569285,0.0009697687524175778,1,0
P4,5,2026-04-09 09:25:00,taipei-dc1,db01,0.7156478150067337,1.0039137239196578,0.0008691742311045256,1,0
P4,6,2026-04-09 09:30:00,taipei-dc1,fw01,4.4,0.9908945400784904,0.001106503295290026,1,0
P4,6,2026-04-09 09:30:00,taipei-dc1,web01,1.2046627531030358,1.0972724939395857,0.000889780123057585,1,0
P4,6,2026-04-09 09:30:00,taipei-dc1,db01,0.9071667794529944,1.1052264271845638,0.0009898882618156735,1,0
P4,7,2026-04-09 09:35:00,taipei-dc1,fw01,4.4,1.0471935175280518,0.0009674175640231875,1,0
P4,7,2026-04-09 09:35:00,taipei-dc1,web01,1.147261944702258,1.0589268323280183,0.001094480940382356,1,0
P4,7,2026-04-09 09:35:00,taipei-dc1,db01,0.932486044978393,1.0750893764949552,0.0012053860541026938,1,0
P4,8,2026-04-09 09:40:00,taipei-dc1,fw01,4.4,1.0115560269673856,0.0009968521202066893,1,0
P4,8,2026-04-09 09:40:00,taipei-dc1,web01,0.8601307656376963,1.0152741982921696,0.0012653075143490302,1,0
P4,8,2026-04-09 09:40:00,taipei-dc1,db01,1.0612192249554524,0.9492728899924999,0.001138263216035289,1,0
P4,9,2026-04-09 09:45:00,taipei-dc1,fw01,4.4,1.0668678061071852,0.0009306123982695782,1,0
P4,9,2026-04-09 09:45:00,taipei-dc1,web01,1.0189798825188048,1.1228154544930835,0.0008645785523002319,1,0
P4,9,2026-04-09 09:45:00,taipei-dc1,db01,1.1382978717117567,1.0526736778259158,0.0009170636287614152,1,0
P4,10,2026-04-09 09:50:00,taipei-dc1,fw01,1.1892678324921475,1.0141826229308437,0.0010419074480846559,1,0
P4,10,2026-04-09 09:50:00,taipei-dc1,web01,1.0214997911407908,0.9758885465952487,0.0009767410662113135,1,0
P4,10,2026-04-09 09:50:00,taipei-dc1,db01,0.9976464025458626,1.0804577036534355,0.0011096362681644902,1,0
P4,11,2026-04-09 09:55:00,taipei-dc1,fw01,1.004435241976452,1.0357944638137626,0.0009673604657183512,1,0
P4,11,2026-04-09 09:55:00,taipei-dc1,web01,1.0901327135243464,1.0714196857422147,0.0010360135287700708,1,0
P4,11,2026-04-09 09:55:00,taipei-dc1,db01,1.009752210210035,0.9971228355501139,0.001162696672566638,1,0
P4,12,2026-04-09 10:00:00,taipei-dc1,fw01,1.0165281750870854,1.084693404834104,0.05,1,0
P4,12,2026-04-09 10:00:00,taipei-dc1,web01,1.228271115671141,0.9994875067035498,0.00100960593125369,1,0
P4,12,2026-04-09 10:00:00,taipei-dc1,db01,0.9471557587223972,1.0069164937866424,0.0009839681485481993,1,0
P4,13,2026-04-09 10:05:00,taipei-dc1,fw01,1.0465065812649195,1.0435833442541553,0.05,1,0
P4,13,2026-04-09 10:05:00,taipei-dc1,web01,1.153253611293908,1.005797038742498,0.0009490028139341858,1,0
P4,13,2026-04-09 10:05:00,taipei-dc1,db01,0.9876134357193072,1.0251593994748662,0.000976859416927564,1,0
P4,14,2026-04-09 10:10:00,taipei-dc1,fw01,0.9950967848614671,1.0776634628162265,0.05,1,0
P4,14,2026-04-09 10:10:00,taipei-dc1,web01,1.1297643531789776,1.023782481276889,0.0010155253337850209,1,0
P4,14,2026-04-09 10:10:00,taipei-dc1,db01,0.9750992516833751,0.9984108358273885,0.0008817537301200523,1,0
P4,15,2026-04-09 10:15:00,taipei-dc1,fw01,0.988363354904945,0.9617168097283096,0.05,1,0
P4,15,2026-04-09 10:15:00,taipei-dc1,web01,1.1410586963472857,1.045880626814587,0.0010056332265763496,1,0
P4,15,2026-04-09 10:15:00,taipei-dc1,db01,0.971217210399837,1.0492581809408414,0.0009400935182103364,1,0
P4,16,2026-04-09 10:20:00,taipei-dc1,fw01,0.9054776016542005,1.0524820238073518,0.0009806849847991933,1,0
P4,16,2026-04-09 10:20:00,taipei-dc1,web01,1.1769532783644083,1.0634622537894398,0.0009635267579082665,1,0
P4,16,2026-04-09 10:20:00,taipei-dc1,db01,0.8806821154948516,1.0516497397809423,0.001042427477097715,1,0
P4,17,2026-04-09 10:25:00,taipei-dc1,fw01,1.03672173198956,1.042088937709794,0.0012219502565998764,1,0
P4,17,2026-04-09 10:25:00,taipei-dc1,web01,1.1047260740066518,1.0508714449861007,0.0011045423583057972,1,0
P4,17,2026-04-09 10:25:00,taipei-dc1,db01,0.950364711630548,1.019644693240532,0.001052656605093784,1,0
P4,18,2026-04-09 10:30:00,taipei-dc1,fw01,0.9670213111361075,1.002688774795759,0.000892889370871303,1,0
P4,18,2026-04-09 10:30:00,taipei-dc1,web01,0.8977104091163787,0.9961686229719491,0.0009923902135581463,1,0
P4,18,2026-04-09 10:30:00,taipei-dc1,db01,1.079581039290891,1.0343641784433868,0.0008318094659611208,1,0
P4,19,2026-04-09 10:35:00,taipei-dc1,fw01,1.1356107947342036,1.0455726575353417,0.0010562744042220975,1,0
P4,19,2026-04-09 10:35:00,taipei-dc1,web01,1.1174746413711274,0.9941858062482983,0.0010280404009248589,1,0
P4,19,2026-04-09 10:35:00,taipei-dc1,db01,0.9097212818950838,1.0410262484827473,0.0010625827166977175,1,0
P4,20,2026-04-09 10:40:00,taipei-dc1,fw01,5.5,0.9434007193280538,0.05,1,1
P4,20,2026-04-09 10:40:00,taipei-dc1,web01,1.181992403644452,1.024935883631237,0.0008543963944214066,1,0
P4,20,2026-04-09 10:40:00,taipei-dc1,db01,1.1523664827897249,1.009543372475745,0.0011621227500411388,1,0
P4,21,2026-04-09 10:45:00,taipei-dc1,fw01,5.5,1.0004916956169365,0.05,1,1
P4,21,2026-04-09 10:45:00,taipei-dc1,web01,1.0404372108212183,1.0551826706215837,0.000907506695926162,1,0
P4,21,2026-04-09 10:45:00,taipei-dc1,db01,0.8551763300275524,1.031885566742805,0.001089054516057833,1,0
P4,22,2026-04-09 10:50:00,taipei-dc1,fw01,5.5,1.0965941001135378,0.05,1,1
P4,22,2026-04-09 10:50:00,taipei-dc1,web01,1.1319544316043948,1.001424380907756,0.001089955196488323,1,0
P4,22,2026-04-09 10:50:00,taipei-dc1,db01,1.0503563508479017,1.0073033038973604,0.0008401675337532447,1,0
P4,23,2026-04-09 10:55:00,taipei-dc1,fw01,5.5,1.0175456716466729,0.05,1,1
P4,23,2026-04-09 10:55:00,taipei-dc1,web01,1.1530764382430698,1.0371061981600496,0.000991089726025891,1,0
P4,23,2026-04-09 10:55:00,taipei-dc1,db01,0.9373799261514688,1.074333572916451,0.000739447001724158,1,0
P4,24,2026-04-09 11:00:00,taipei-dc1,fw01,5.5,1.0585142848094853,0.05,1,1
P4,24,2026-04-09 11:00:00,taipei-dc1,web01,1.0736160347970136,1.050814139627365,0.0008739574693185574,1,0
P4,24,2026-04-09 11:00:00,taipei-dc1,db01,0.9785912242131612,1.0097764375077531,0.0010968172277030903,1,0
P4,25,2026-04-09 11:05:00,taipei-dc1,fw01,5.5,0.9777008643230731,0.05,1,1
P4,25,2026-04-09 11:05:00,taipei-dc1,web01,1.0721917564793895,1.0523774072680434,0.0010139950408619316,1,0
P4,25,2026-04-09 11:05:00,taipei-dc1,db01,0.7737510593538703,1.0248175888854265,0.0011803084166169047,1,0
P4,26,2026-04-09 11:10:00,taipei-dc1,fw01,5.5,1.0681033945789926,0.05,1,1
P4,26,2026-04-09 11:10:00,taipei-dc1,web01,1.1288704216010563,1.1208597735104775,0.000890085787964104,1,0
P4,26,2026-04-09 11:10:00,taipei-dc1,db01,0.6344158337261545,1.0368206786308936,0.0011143446592036498,1,0
P4,27,2026-04-09 11:15:00,taipei-dc1,fw01,1.1232085592940173,1.0405833368554291,0.0009040161997760786,1,0
P4,27,2026-04-09 11:15:00,taipei-dc1,web01,1.165049790477854,1.0628855152810512,0.0010524157476372714,1,0
P4,27,2026-04-09 11:15:00,taipei-dc1,db01,1.0391329534355587,1.0767645186525856,0.0010129612434221088,1,0
P4,28,2026-04-09 11:20:00,taipei-dc1,fw01,0.8900405598825712,1.0289467453828312,0.0009570738127465079,1,0
P4,28,2026-04-09 11:20:00,taipei-dc1,web01,1.2291420816195484,1.0218695672809366,0.001130505597037922,1,0
P4,28,2026-04-09 11:20:00,taipei-dc1,db01,0.8736767482504735,1.0775475588964831,0.0009014045856924641,1,0
P4,29,2026-04-09 11:25:00,taipei-dc1,fw01,1.0961862840258068,0.9933315335674431,0.0008228517107354494,1,0
P4,29,2026-04-09 11:25:00,taipei-dc1,web01,1.0968119271255143,1.0232015837427946,0.0009528887831714547,1,0
P4,29,2026-04-09 11:25:00,taipei-dc1,db01,0.9721898380725383,1.0315149706607003,0.0010496686568381142,1,0
P4,30,2026-04-09 11:30:00,taipei-dc1,fw01,0.9128437989739929,1.0820252508386334,0.0010408866489612894,1,0
P4,30,2026-04-09 11:30:00,taipei-dc1,web01,1.1181726194546175,1.1430871147223622,0.0012273684989693823,1,0
P4,30,2026-04-09 11:30:00,taipei-dc1,db01,0.9361715359909294,1.0573158191051963,0.000964033043839907,1,0
P4,31,2026-04-09 11:35:00,taipei-dc1,fw01,0.8892169656664004,1.0594747742813457,0.0011008058063337808,1,0
P4,31,2026-04-09 11:35:00,taipei-dc1,web01,1.1228971715473708,1.024104897663464,0.0007858823121607481,1,0
P4,31,2026-04-09 11:35:00,taipei-dc1,db01,1.1354668130825782,1.0325143458113384,0.0010693130939478002,1,0
P4,32,2026-04-09 11:40:00,taipei-dc1,fw01,1.0142446555401623,0.9271618235593707,0.0008547322763674009,1,0
P4,32,2026-04-09 11:40:00,taipei-dc1,web01,1.2391476298932176,1.0520119319328816,0.0008574775161756212,1,0
P4,32,2026-04-09 11:40:00,taipei-dc1,db01,1.0043678776476854,1.0602898668445797,0.0009777224421346367,1,0
P4,33,2026-04-09 11:45:00,taipei-dc1,fw01,0.9264281440667261,1.0312220215068821,0.0009255214289679783,1,0
P4,33,2026-04-09 11:45:00,taipei-dc1,web01,1.0086998458333383,1.0576683389452757,0.0008153557114395119,1,0
P4,33,2026-04-09 11:45:00,taipei-dc1,db01,1.1473738870237593,1.0011114165691026,0.0011212022399976105,1,0
P4,34,2026-04-09 11:50:00,taipei-dc1,fw01,1.1972281874626924,1.0523892858507737,0.0010107348037723851,1,0
P4,34,2026-04-09 11:50:00,taipei-dc1,web01,1.1673008850693676,1.1057854411322074,0.0012000263377065232,1,0
P4,34,2026-04-09 11:50:00,taipei-dc1,db01,1.0273860237891737,1.0577058498201668,0.0010204420678507683,1,0
P4,35,2026-04-09 11:55:00,taipei-dc1,fw01,0.9250669938475365,1.0636796483993471,0.0009904077371444113,1,0
P4,35,2026-04-09 11:55:00,taipei-dc1,web01,1.0670704198669938,0.9810205165377918,0.0008013783115893932,1,0
P4,35,2026-04-09 11:55:00,taipei-dc1,db01,0.9043102419107227,1.0620540553249846,0.0010392564379630633,1,0
full_incident,0,2026-04-10 09:00:00,taipei-dc1,fw01,0.8202624464919096,0.9881040035846781,0.0010039865401738934,1,0
full_incident,0,2026-04-10 09:00:00,taipei-dc1,web01,1.1868614535435658,1.0385550134623334,0.000818366430333721,1,0
full_incident,0,2026-04-10 09:00:00,taipei-dc1,db01,0.7486001788500668,1.0535980950206028,0.0009852061004256146,1,0
full_incident,1,2026-04-10 09:05:00,taipei-dc1,fw01,0.9288301118128991,1.0497223414243448,0.0009235236387349097,1,0
full_incident,1,2026-04-10 09:05:00,taipei-dc1,web01,1.1431748133081276,1.0263747494024478,0.001085790416847216,1,0
full_incident,1,2026-04-10 09:05:00,taipei-dc1,db01,0.9316738134422375,1.048129505161143,0.0011281106774941188,1,0
full_incident,2,2026-04-10 09:10:00,taipei-dc1,fw01,1.0756229090119744,1.0268926342766451,0.0009915454094245328,1,0
full_incident,2,2026-04-10 09:10:00,taipei-dc1,web01,1.120595767375912,1.0734456383620548,0.0009640522811944976,1,0
full_incident,2,2026-04-10 09:10:00,taipei-dc1,db01,1.03655178878276,1.0252725383037549,0.0010324902041454972,1,0
full_incident,3,2026-04-10 09:15:00,taipei-dc1,fw01,1.0716200908203737,1.0406926095771005,0.00123574273747222,1,0
full_incident,3,2026-04-10 09:15:00,taipei-dc1,web01,1.2919696523173156,0.9465981594810341,0.0009381251542008643,1,0
full_incident,3,2026-04-10 09:15:00,taipei-dc1,db01,0.9221136162624084,1.0636562266012681,0.0010629645363828284,1,0
full_incident,4,2026-04-10 09:20:00,taipei-dc1,fw01,1.1323929980388476,1.0516581176824236,0.0009420647982607437,1,0
full_incident,4,2026-04-10 09:20:00,taipei-dc1,web01,1.1167687034981673,1.026844827745995,0.0010693925754362984,1,0
full_incident,4,2026-04-10 09:20:00,taipei-dc1,db01,0.8966417091730171,0.9988431513805126,0.0009587448888590414,1,0
full_incident,5,2026-04-10 09:25:00,taipei-dc1,fw01,4.8,1.0483044422453522,0.0008872004412252965,1,0
full_incident,5,2026-04-10 09:25:00,taipei-dc1,web01,0.9229110145475503,1.0204900328750341,0.0009091873296577214,1,0
full_incident,5,2026-04-10 09:25:00,taipei-dc1,db01,0.8588655524783083,1.0534610223336949,0.0010564821704420737,1,0
full_incident,6,2026-04-10 09:30:00,taipei-dc1,fw01,1.0282136750273034,1.0563093582314231,0.0009111546934675865,1,0
full_incident,6,2026-04-10 09:30:00,taipei-dc1,web01,1.0545467688459544,1.1363985785090904,0.0010208736683728883,1,0
full_incident,6,2026-04-10 09:30:00,taipei-dc1,db01,0.8819956156464661,1.0131333924680432,0.001120185137131777,1,0
full_incident,7,2026-04-10 09:35:00,taipei-dc1,fw01,1.1130755943190513,1.088605632012841,0.0009583582411103849,1,0
full_incident,7,2026-04-10 09:35:00,taipei-dc1,web01,1.1441926906975026,1.0857545821005732,0.001208322035072651,1,0
full_incident,7,2026-04-10 09:35:00,taipei-dc1,db01,1.0114390622232774,1.1002123268521518,0.0008750618308841881,1,0
full_incident,8,2026-04-10 09:40:00,taipei-dc1,fw01,4.3,1.068568784698458,0.001106972791918287,1,0
full_incident,8,2026-04-10 09:40:00,taipei-dc1,web01,1.1833652040668228,1.0913767512701238,0.0011046514375017207,1,0
full_incident,8,2026-04-10 09:40:00,taipei-dc1,db01,1.0304895871568902,0.9917815217447417,0.0010127855738802651,1,0
full_incident,9,2026-04-10 09:45:00,taipei-dc1,fw01,4.3,1.011833958501155,0.0009263871035398246,1,0
full_incident,9,2026-04-10 09:45:00,taipei-dc1,web01,1.0824869457431003,0.9867144463899008,0.0009264785407861909,1,0
full_incident,9,2026-04-10 09:45:00,taipei-dc1,db01,0.8921101057819422,1.1159964380998404,0.0011531931357627078,1,0
full_incident,10,2026-04-10 09:50:00,taipei-dc1,fw01,4.3,1.0882139331306038,0.0009206227351961972,1,0
full_incident,10,2026-04-10 09:50:00,taipei-dc1,web01,1.1263907121355878,1.0747003169417202,0.00112994552154476,1,0
full_incident,10,2026-04-10 09:50:00,taipei-dc1,db01,0.9376337661901193,1.1170371284929654,0.0011026134672167626,1,0
full_incident,11,2026-04-10 09:55:00,taipei-dc1,fw01,4.3,1.0824855539064446,0.0009997905422507137,1,0
full_incident,11,2026-04-10 09:55:00,taipei-dc1,web01,1.030238941255526,1.092086154122848,0.0011304566935881253,1,0
full_incident,11,2026-04-10 09:55:00,taipei-dc1,db01,0.8838975106578567,1.0159281080741114,0.0007923247477819315,1,0
full_incident,12,2026-04-10 10:00:00,taipei-dc1,fw01,0.9453449563369253,1.0092361160508234,0.0008425436208963966,1,0
full_incident,12,2026-04-10 10:00:00,taipei-dc1,web01,1.1712370422200802,1.025282970183365,0.0009872169669768104,1,0
full_incident,12,2026-04-10 10:00:00,taipei-dc1,db01,1.0059636651441628,1.0007015637135712,0.0010609667900193728,1,0
full_incident,13,2026-04-10 10:05:00,taipei-dc1,fw01,4.2,1.0311506821945868,0.0012684966883677274,1,0
full_incident,13,2026-04-10 10:05:00,taipei-dc1,web01,1.0297398618124785,1.0141026973949874,0.0011757091583666202,1,0
full_incident,13,2026-04-10 10:05:00,taipei-dc1,db01,0.9114703383467506,1.0113001367538563,0.0008737162252186234,1,0
full_incident,14,2026-04-10 10:10:00,taipei-dc1,fw01,2.7,1.0543955345165923,0.0010194642711218145,1,0
full_incident,14,2026-04-10 10:10:00,taipei-dc1,web01,1.0861269956261648,1.0765336215185553,0.001081418420093428,1,0
full_incident,14,2026-04-10 10:10:00,taipei-dc1,db01,0.9608361711188955,1.0537435783665796,0.0008796280593192721,1,0
full_incident,15,2026-04-10 10:15:00,taipei-dc1,fw01,4.2,1.029598236815618,0.0009465760542381272,1,0
full_incident,15,2026-04-10 10:15:00,taipei-dc1,web01,1.0256736603179673,1.1001815406937594,0.001105817505818393,1,0
full_incident,15,2026-04-10 10:15:00,taipei-dc1,db01,1.1087620375431066,1.0976852395032166,0.0008840802901257021,1,0
full_incident,16,2026-04-10 10:20:00,taipei-dc1,fw01,2.7,1.0593193652864028,0.0010335244204852905,1,0
full_incident,16,2026-04-10 10:20:00,taipei-dc1,web01,0.9162412067766705,1.066514883333396,0.0010867590079084316,1,0
full_incident,16,2026-04-10 10:20:00,taipei-dc1,db01,1.02256032783768,1.0729135256744178,0.0009789488957494584,1,0
full_incident,17,2026-04-10 10:25:00,taipei-dc1,fw01,0.9011747656382367,1.0022169967782062,0.0010504902969627591,1,0
full_incident,17,2026-04-10 10:25:00,taipei-dc1,web01,1.1308431748475398,1.0417314207036987,0.001082785854781829,1,0
full_incident,17,2026-04-10 10:25:00,taipei-dc1,db01,0.9948544913688325,1.0128075667198153,0.0010252916199298746,1,0
full_incident,18,2026-04-10 10:30:00,taipei-dc1,fw01,5.0,1.0179115554313523,0.0012508657153884203,1,0
full_incident,18,2026-04-10 10:30:00,taipei-dc1,web01,1.1325012187428238,1.0704186688436028,0.0009663447994062972,1,0
full_incident,18,2026-04-10 10:30:00,taipei-dc1,db01,0.8912244949382024,0.9878678650003458,0.0008941093119054071,1,0
full_incident,19,2026-04-10 10:35:00,taipei-dc1,fw01,5.0,1.0031127483682534,0.0009742383223033315,1,0
full_incident,19,2026-04-10 10:35:00,taipei-dc1,web01,1.0022173302142947,1.030351078536911,0.0009454915307189572,1,0
full_incident,19,2026-04-10 10:35:00,taipei-dc1,db01,0.8939183349810701,1.0493260640414181,0.0008810692967568021,1,0
full_incident,20,2026-04-10 10:40:00,taipei-dc1,fw01,5.0,4.6,0.001104020743035579,1,0
full_incident,20,2026-04-10 10:40:00,taipei-dc1,web01,1.0180312264737943,1.0346393193181052,0.0008972828984890319,1,0
full_incident,20,2026-04-10 10:40:00,taipei-dc1,db01,1.0339295053575168,1.0016727440141922,0.0010770771100281973,1,0
full_incident,21,2026-04-10 10:45:00,taipei-dc1,fw01,5.0,4.6,0.0010357004596110667,1,0
full_incident,21,2026-04-10 10:45:00,taipei-dc1,web01,0.9588118980177587,1.0407921031703258,0.0014174745728925426,1,0
full_incident,21,2026-04-10 10:45:00,taipei-dc1,db01,0.8085953467915455,1.0460678956247078,0.0010028686859127223,1,0
full_incident,22,2026-04-10 10:50:00,taipei-dc1,fw01,5.0,4.6,0.04,1,0
full_incident,22,2026-04-10 10:50:00,taipei-dc1,web01,1.2731193336056865,1.0790540548723473,0.0008815213973870097,1,0
full_incident,22,2026-04-10 10:50:00,taipei-dc1,db01,1.0923675002686923,1.0746472316424431,0.0011156871787167148,1,0
full_incident,23,2026-04-10 10:55:00,taipei-dc1,fw01,5.0,4.6,0.04,1,0
full_incident,23,2026-04-10 10:55:00,taipei-dc1,web01,1.0893410653314397,1.0486857815135011,0.0008653937688551459,1,0
full_incident,23,2026-04-10 10:55:00,taipei-dc1,db01,1.166855668089106,1.0044079662630234,0.001065327186631696,1,0
full_incident,24,2026-04-10 11:00:00,taipei-dc1,fw01,5.0,4.6,0.04,1,0
full_incident,24,2026-04-10 11:00:00,taipei-dc1,web01,1.1145332205821303,1.0226851075059509,0.0009704666037991742,1,0
full_incident,24,2026-04-10 11:00:00,taipei-dc1,db01,0.8271667196218717,1.0004996391343604,0.0009243039448248792,1,0
full_incident,25,2026-04-10 11:05:00,taipei-dc1,fw01,5.0,4.6,0.04,1,0
full_incident,25,2026-04-10 11:05:00,taipei-dc1,web01,1.0874770899038995,0.9969890995890582,0.0011066556535879717,1,0
full_incident,25,2026-04-10 11:05:00,taipei-dc1,db01,1.0973658437676919,1.031552899795788,0.0009926982825202689,1,0
full_incident,26,2026-04-10 11:10:00,taipei-dc1,fw01,5.0,4.6,0.04,1,0
full_incident,26,2026-04-10 11:10:00,taipei-dc1,web01,1.1504135373753406,1.0839613553452523,0.000785666101882392,1,0
full_incident,26,2026-04-10 11:10:00,taipei-dc1,db01,0.8940395657592112,0.9624937156250485,0.000992651956894929,1,0
full_incident,27,2026-04-10 11:15:00,taipei-dc1,fw01,5.0,4.6,0.04,1,0
full_incident,27,2026-04-10 11:15:00,taipei-dc1,web01,0.9818992392784729,1.051496649416805,0.0009782753118307097,1,0
full_incident,27,2026-04-10 11:15:00,taipei-dc1,db01,0.9312819958140074,1.006993258671747,0.0010206002765053958,1,0
full_incident,28,2026-04-10 11:20:00,taipei-dc1,fw01,5.0,4.6,0.04,1,0
full_incident,28,2026-04-10 11:20:00,taipei-dc1,web01,1.030977564517461,0.9928587661285373,0.0011137080712498258,1,0
full_incident,28,2026-04-10 11:20:00,taipei-dc1,db01,1.0389424619792549,1.085442757651868,0.0011264502265733532,1,0
full_incident,29,2026-04-10 11:25:00,taipei-dc1,fw01,5.0,4.6,0.04,1,0
full_incident,29,2026-04-10 11:25:00,taipei-dc1,web01,1.0695524901175424,1.0774440910797984,0.001149435024205002,1,0
full_incident,29,2026-04-10 11:25:00,taipei-dc1,db01,0.881545686187603,1.0904952358528048,0.0010333349079784811,1,0
full_incident,30,2026-04-10 11:30:00,taipei-dc1,fw01,5.0,4.6,0.04,1,0
full_incident,30,2026-04-10 11:30:00,taipei-dc1,web01,1.1808432209507234,1.033830271547836,0.0008986015823450227,1,0
full_incident,30,2026-04-10 11:30:00,taipei-dc1,db01,0.9451301420714031,1.0811028912360277,0.0010131080949684554,1,0
full_incident,31,2026-04-10 11:35:00,taipei-dc1,fw01,5.0,4.6,0.04,1,0
full_incident,31,2026-04-10 11:35:00,taipei-dc1,web01,1.1522203151579664,1.0987755486176969,0.0008079477794894141,1,0
full_incident,31,2026-04-10 11:35:00,taipei-dc1,db01,1.0903529126097231,1.0329886535882082,0.0009072855092554352,1,0
full_incident,32,2026-04-10 11:40:00,taipei-dc1,fw01,1.1841426514796602,1.10457260017743,0.0009273223009844459,1,0
full_incident,32,2026-04-10 11:40:00,taipei-dc1,web01,0.9744900430085089,1.0920750325179198,0.001067593566730991,1,0
full_incident,32,2026-04-10 11:40:00,taipei-dc1,db01,0.9412060095783735,0.9660253663230024,0.0012966552654260451,1,0
full_incident,33,2026-04-10 11:45:00,taipei-dc1,fw01,0.8967830811232929,1.0300419023748146,0.001153732271293508,1,0
full_incident,33,2026-04-10 11:45:00,taipei-dc1,web01,0.9574564736392202,1.0662324367890303,0.0009715099436066998,1,0
full_incident,33,2026-04-10 11:45:00,taipei-dc1,db01,0.8924700697774243,1.0202524608304875,0.0008239857222619774,1,0
full_incident,34,2026-04-10 11:50:00,taipei-dc1,fw01,5.4,1.057139949994134,0.000996974353542277,0,0
full_incident,34,2026-04-10 11:50:00,taipei-dc1,web01,0.9054341940713468,1.0066710980822833,0.0011351416431299027,1,0
full_incident,34,2026-04-10 11:50:00,taipei-dc1,db01,0.7726615762029502,1.0119094391539267,0.001114358343377335,1,0
full_incident,35,2026-04-10 11:55:00,taipei-dc1,fw01,5.4,1.018947498140528,0.0010363460527919215,0,0
full_incident,35,2026-04-10 11:55:00,taipei-dc1,web01,0.983405880779834,1.0405996856902628,0.0010070953713471372,1,0
full_incident,35,2026-04-10 11:55:00,taipei-dc1,db01,1.0589475843685674,1.0802070860821151,0.001098179490189734,1,0
full_incident,36,2026-04-10 12:00:00,taipei-dc1,fw01,5.4,1.0088539303063082,0.0009701918588715157,0,0
full_incident,36,2026-04-10 12:00:00,taipei-dc1,web01,4.7,1.0925551590825446,0.0009353806411841994,0,0
full_incident,36,2026-04-10 12:00:00,taipei-dc1,db01,0.8926657874396718,1.1017408764750625,0.001191816268718236,1,0
full_incident,37,2026-04-10 12:05:00,taipei-dc1,fw01,5.4,1.0884869837621822,0.0013639559149241686,0,0
full_incident,37,2026-04-10 12:05:00,taipei-dc1,web01,4.7,1.1023775449193187,0.0009644253448495722,0,0
full_incident,37,2026-04-10 12:05:00,taipei-dc1,db01,1.0916183536606436,1.084270094803352,0.0008977392965648929,1,0
full_incident,38,2026-04-10 12:10:00,taipei-dc1,fw01,5.4,1.0393733505159786,0.0008756200196384047,0,0
full_incident,38,2026-04-10 12:10:00,taipei-dc1,web01,4.7,1.0684455247412885,0.0012170624598391842,0,0
full_incident,38,2026-04-10 12:10:00,taipei-dc1,db01,4.8,1.016550198478637,0.0009753431855776345,0,0
full_incident,39,2026-04-10 12:15:00,taipei-dc1,fw01,5.4,1.0749347899135473,0.00113432383505707,0,0
full_incident,39,2026-04-10 12:15:00,taipei-dc1,web01,4.7,1.0840471347005074,0.0012160782880052154,0,0
full_incident,39,2026-04-10 12:15:00,taipei-dc1,db01,4.8,1.0675946120716862,0.0008752579196043651,0,0
full_incident,40,2026-04-10 12:20:00,taipei-dc1,fw01,5.4,1.0285141314305009,0.0009845949171585161,0,0
full_incident,40,2026-04-10 12:20:00,taipei-dc1,web01,4.7,1.0254800203734635,0.0010368437975248703,0,0
full_incident,40,2026-04-10 12:20:00,taipei-dc1,db01,4.8,1.0898594297305653,0.0007824573658270325,0,0
full_incident,41,2026-04-10 12:25:00,taipei-dc1,fw01,5.4,1.008334415150868,0.0010059787010978064,0,0
full_incident,41,2026-04-10 12:25:00,taipei-dc1,web01,4.7,1.0631549898580357,0.0010058234477449855,0,0
full_incident,41,2026-04-10 12:25:00,taipei-dc1,db01,4.8,1.059463275357621,0.0007277283082449282,0,0
full_incident,42,2026-04-10 12:30:00,taipei-dc1,fw01,5.4,1.0640590651544064,0.000881842148123859,0,0
full_incident,42,2026-04-10 12:30:00,taipei-dc1,web01,4.7,1.0482332130821543,0.0011528185385360225,0,0
full_incident,42,2026-04-10 12:30:00,taipei-dc1,db01,4.8,1.0529335669078765,0.0009210202948870927,0,0
full_incident,43,2026-04-10 12:35:00,taipei-dc1,fw01,5.4,1.0485489780990394,0.0009582647157273509,0,0
full_incident,43,2026-04-10 12:35:00,taipei-dc1,web01,4.7,1.045804241190452,0.0007446359191370227,0,0
full_incident,43,2026-04-10 12:35:00,taipei-dc1,db01,4.8,1.0190346754104584,0.0011469434618642997,0,0
full_incident,44,2026-04-10 12:40:00,taipei-dc1,fw01,5.4,1.0006679272670744,0.0011049338720711807,0,0
full_incident,44,2026-04-10 12:40:00,taipei-dc1,web01,4.7,1.075393517530955,0.0008657412229206333,0,0
full_incident,44,2026-04-10 12:40:00,taipei-dc1,db01,4.8,1.1039914555064618,0.0010871740678899263,0,0
full_incident,45,2026-04-10 12:45:00,taipei-dc1,fw01,5.4,1.041045239557316,0.0009111305858877917,0,0
full_incident,45,2026-04-10 12:45:00,taipei-dc1,web01,4.7,0.9788270806325615,0.0009549878094446064,0,0
full_incident,45,2026-04-10 12:45:00,taipei-dc1,db01,4.8,1.0444484199980901,0.0012170242356657982,0,0
full_incident,46,2026-04-10 12:50:00,taipei-dc1,fw01,5.4,1.0589944386239547,0.0011629975721392113,0,0
full_incident,46,2026-04-10 12:50:00,taipei-dc1,web01,4.7,1.0726428359201143,0.000787098723375693,0,0
full_incident,46,2026-04-10 12:50:00,taipei-dc1,db01,4.8,1.035027278969992,0.0008334584402412228,0,0
full_incident,47,2026-04-10 12:55:00,taipei-dc1,fw01,5.4,0.9917320864194912,0.0008791959887482793,0,0
full_incident,47,2026-04-10 12:55:00,taipei-dc1,web01,4.7,1.0454879747789623,0.000996549446109199,0,0
full_incident,47,2026-04-10 12:55:00,taipei-dc1,db01,4.8,1.0918917823448944,0.0012857700946936493,0,0
full_incident,48,2026-04-10 13:00:00,taipei-dc1,fw01,5.4,1.0757191105842367,0.0010956624764417026,0,0
full_incident,48,2026-04-10 13:00:00,taipei-dc1,web01,4.7,1.0799323405588912,0.001040196286034553,0,0
full_incident,48,2026-04-10 13:00:00,taipei-dc1,db01,4.8,1.0026417297647552,0.001169838849379677,0,0
full_incident,49,2026-04-10 13:05:00,taipei-dc1,fw01,5.4,0.9921842497699329,0.0010532637284104802,0,0
full_incident,49,2026-04-10 13:05:00,taipei-dc1,web01,4.7,1.0271953262789737,0.000994931301519034,0,0
full_incident,49,2026-04-10 13:05:00,taipei-dc1,db01,4.8,1.0596090165279692,0.000976323364083554,0,0
full_incident,50,2026-04-10 13:10:00,taipei-dc1,fw01,1.1644150363658754,1.087648604899845,0.0010452109012502077,1,0
full_incident,50,2026-04-10 13:10:00,taipei-dc1,web01,1.091734251254258,1.0697462744810775,0.0009102937893494403,1,0
full_incident,50,2026-04-10 13:10:00,taipei-dc1,db01,0.8820472796752501,1.0195013131627646,0.0009153467160919508,1,0
full_incident,51,2026-04-10 13:15:00,taipei-dc1,fw01,5.6,0.9539626363314602,0.05,1,1
full_incident,51,2026-04-10 13:15:00,taipei-dc1,web01,0.7811402863278273,1.0479553881335169,0.0011028125878038788,1,0
full_incident,51,2026-04-10 13:15:00,taipei-dc1,db01,0.967609274426389,1.0494132574051036,0.0010936074147117492,1,0
full_incident,52,2026-04-10 13:20:00,taipei-dc1,fw01,5.6,1.0136629476176593,0.05,1,1
full_incident,52,2026-04-10 13:20:00,taipei-dc1,web01,1.2141684994361386,1.0231122002692232,0.0009603463191863456,1,0
full_incident,52,2026-04-10 13:20:00,taipei-dc1,db01,0.8064436552881777,0.9876058827839344,0.0013078582454303382,1,0
full_incident,53,2026-04-10 13:25:00,taipei-dc1,fw01,5.6,1.0539946105900384,0.05,1,1
full_incident,53,2026-04-10 13:25:00,taipei-dc1,web01,1.1561232546598579,1.0559570544516328,0.001152378340867457,1,0
full_incident,53,2026-04-10 13:25:00,taipei-dc1,db01,0.8320689845511041,1.040328582377426,0.0010233040016682815,1,0
full_incident,54,2026-04-10 13:30:00,taipei-dc1,fw01,5.6,1.0051326006615156,0.05,1,1
full_incident,54,2026-04-10 13:30:00,taipei-dc1,web01,1.0847764618364308,1.0601180675288815,0.0011316239396950108,1,0
full_incident,54,2026-04-10 13:30:00,taipei-dc1,db01,1.0336855400149916,1.051910693722603,0.0010128402433512548,1,0
full_incident,55,2026-04-10 13:35:00,taipei-dc1,fw01,5.6,1.0289176946387426,0.05,1,1
full_incident,55,2026-04-10 13:35:00,taipei-dc1,web01,1.1005635677982364,1.0406579081773644,0.0011319548721717382,1,0
full_incident,55,2026-04-10 13:35:00,taipei-dc1,db01,0.9440191559588528,1.0348494310893348,0.0010919406101885987,1,0
full_incident,56,2026-04-10 13:40:00,taipei-dc1,fw01,1.055498117652787,1.0686529918304817,0.0008591606245593094,1,0
full_incident,56,2026-04-10 13:40:00,taipei-dc1,web01,1.0384786602110356,1.0342568697923553,0.0009613270452310053,1,0
full_incident,56,2026-04-10 13:40:00,taipei-dc1,db01,0.9873572527714443,1.0598722872932593,0.0008182167821936885,1,0
full_incident,57,2026-04-10 13:45:00,taipei-dc1,fw01,1.1321444506364524,1.0412034752354755,0.0007868873524716855,1,0
full_incident,57,2026-04-10 13:45:00,taipei-dc1,web01,0.9621808258757494,1.0949974089308263,0.0008447756961564849,1,0
full_incident,57,2026-04-10 13:45:00,taipei-dc1,db01,0.8892973546961234,1.099872247900109,0.0009542647916301946,1,0
full_incident,58,2026-04-10 13:50:00,taipei-dc1,fw01,1.1469828569451253,1.0109763913270549,0.000982152583444827,1,0
full_incident,58,2026-04-10 13:50:00,taipei-dc1,web01,1.2654587880683996,1.0297513107206682,0.0010516956318974318,1,0
full_incident,58,2026-04-10 13:50:00,taipei-dc1,db01,1.0035677846236515,1.0336736151204857,0.0008134048146524562,1,0
full_incident,59,2026-04-10 13:55:00,taipei-dc1,fw01,0.8877616774588712,1.0876411184692754,0.0009978013746915703,1,0
full_incident,59,2026-04-10 13:55:00,taipei-dc1,web01,1.1662848791036284,1.0397653418649795,0.0010136025696720365,1,0
full_incident,59,2026-04-10 13:55:00,taipei-dc1,db01,0.9687654441711361,1.0749422676310694,0.0009834843781446007,1,0
